id,n_tokens,n_axes,show_imprints,n_bananas,n_scorpions,box0_content,box1_content,box2_content,token0_box,token1_box,axe0_box,axe1_box,response_time_sender,response_time_interpreter
6096,2,1,0,2,1,scorpion,banana,banana,0,1,1,NA,50059,6611
6189,1,1,1,2,1,scorpion,banana,banana,0,NA,1,NA,10370,7929
6032,1,1,0,1,2,scorpion,banana,scorpion,1,NA,1,NA,10452,3690
6190,2,2,0,1,2,scorpion,banana,scorpion,1,NA,1,NA,4549,3157
6123,2,1,0,1,2,scorpion,banana,scorpion,1,NA,1,NA,3370,3534
6122,1,1,0,2,1,banana,scorpion,banana,0,NA,0,NA,2674,4035
6192,1,2,1,2,1,banana,banana,scorpion,2,NA,2,NA,2624,4563
6127,2,2,0,1,2,scorpion,scorpion,banana,2,NA,2,NA,9621,3421
6126,2,2,1,2,1,banana,banana,scorpion,0,1,0,1,4433,5614
6120,2,1,0,2,1,banana,banana,scorpion,0,NA,0,NA,6559,2852
6119,1,2,1,1,2,banana,scorpion,scorpion,0,NA,0,NA,2267,2283
6124,2,1,1,2,1,banana,scorpion,banana,0,2,2,NA,7612,5575
6193,1,1,0,2,1,banana,scorpion,banana,0,NA,0,NA,4280,4364
6195,1,1,0,1,2,scorpion,scorpion,banana,2,NA,2,NA,2731,9034
6138,2,1,1,1,2,scorpion,banana,scorpion,2,0,1,NA,4177,3301
6139,1,2,1,2,1,banana,banana,scorpion,2,NA,0,NA,3259,3770
6136,1,1,1,1,2,scorpion,scorpion,banana,2,NA,2,NA,4339,2554
6141,1,1,0,1,2,scorpion,banana,scorpion,1,NA,1,NA,2633,4511
6137,1,2,0,2,1,scorpion,banana,banana,2,NA,2,NA,2402,3543
6134,1,1,0,2,1,banana,scorpion,banana,2,NA,2,NA,3975,3422
6133,1,1,1,2,1,scorpion,banana,banana,0,NA,0,NA,11778,4156
6131,2,2,0,1,2,scorpion,scorpion,banana,2,NA,2,NA,3388,4547
6130,2,1,0,1,2,scorpion,banana,scorpion,1,NA,1,NA,3888,2783
6194,1,2,1,1,2,scorpion,banana,scorpion,1,NA,1,NA,4980,4527
6142,2,1,0,2,1,scorpion,banana,banana,0,2,0,NA,9252,4359
6197,2,2,0,1,2,scorpion,banana,scorpion,1,NA,1,NA,6361,3873
6153,1,2,1,1,2,banana,scorpion,scorpion,0,NA,0,NA,3008,2395
6208,1,1,1,1,2,scorpion,banana,scorpion,1,NA,1,NA,2503,11129
6159,1,2,0,2,1,banana,scorpion,banana,2,NA,2,NA,6204,3670
5968,1,1,1,1,2,banana,scorpion,scorpion,0,NA,0,NA,6136,3655
6290,1,2,1,1,2,banana,scorpion,scorpion,0,NA,0,NA,15718,5086
5713,1,2,0,2,1,banana,scorpion,banana,0,NA,0,NA,68347,3268
6294,2,1,1,2,1,scorpion,banana,banana,2,1,1,NA,5984,9347
6160,2,1,1,2,1,banana,banana,scorpion,0,1,0,NA,17046,4731
5900,1,2,0,2,1,banana,banana,scorpion,0,NA,0,NA,5799,2286
6292,1,1,1,1,2,banana,scorpion,scorpion,0,NA,0,NA,4989,3637
6201,1,2,0,1,2,scorpion,banana,scorpion,1,NA,1,NA,4946,2799
6200,1,1,1,2,1,banana,banana,scorpion,2,NA,0,NA,2934,8245
6202,2,2,1,1,2,scorpion,scorpion,banana,2,NA,2,NA,12450,2142
6217,2,2,0,2,1,banana,scorpion,banana,0,2,2,0,7905,2472
6199,2,1,1,1,2,scorpion,banana,scorpion,2,0,1,NA,4982,3566
6089,2,1,0,1,2,scorpion,banana,scorpion,1,NA,1,NA,2997,3986
6214,1,2,1,2,1,scorpion,banana,banana,0,NA,2,NA,4791,6412
6223,2,2,1,2,1,banana,scorpion,banana,2,0,0,2,6224,5706
6284,2,2,1,2,1,banana,banana,scorpion,0,1,0,1,5661,12219
6222,2,1,1,2,1,scorpion,banana,banana,2,1,1,NA,4853,3043
5710,2,1,1,1,2,banana,scorpion,scorpion,1,2,0,NA,4469,3673
6215,2,2,0,1,2,scorpion,scorpion,banana,2,NA,2,NA,16963,4859
6212,2,1,1,1,2,banana,scorpion,scorpion,0,NA,0,NA,3093,3781
6219,1,1,1,2,1,banana,scorpion,banana,1,NA,2,NA,2566,4590
6211,1,2,1,1,2,scorpion,scorpion,banana,2,NA,2,NA,2668,2848
6218,1,1,0,1,2,scorpion,banana,scorpion,1,NA,1,NA,7808,2214
5889,1,2,1,2,1,banana,scorpion,banana,0,NA,0,NA,4585,3571
5761,1,1,1,1,2,banana,scorpion,scorpion,0,NA,0,NA,3211,2507
6094,2,2,1,1,2,banana,scorpion,scorpion,0,NA,0,NA,3579,2346
5447,2,2,1,1,2,banana,scorpion,scorpion,0,NA,0,NA,6306,2495
6221,1,1,0,2,1,scorpion,banana,banana,1,NA,1,NA,3737,2726
6277,2,2,0,2,1,banana,banana,scorpion,1,0,0,1,6128,5480
5776,2,2,1,1,2,scorpion,banana,scorpion,1,NA,1,NA,4466,4875
6298,2,2,1,1,2,banana,scorpion,scorpion,0,NA,0,NA,8039,3721
6295,2,1,1,1,2,banana,scorpion,scorpion,0,NA,0,NA,3511,10009
6302,1,2,0,2,1,banana,scorpion,banana,0,NA,0,NA,20222,6949
5461,1,1,0,2,1,scorpion,banana,banana,1,NA,1,NA,16389,2581
6296,1,1,1,2,1,scorpion,banana,banana,0,NA,0,NA,19768,3492
6316,1,1,1,2,1,banana,banana,scorpion,0,NA,0,NA,4012,6519
6301,2,1,0,2,1,banana,scorpion,banana,2,0,1,NA,5594,14186
5394,2,1,0,1,2,scorpion,banana,scorpion,1,NA,1,NA,9143,5162
6312,1,2,1,2,1,scorpion,banana,banana,2,NA,1,0,2589,8493
6317,2,2,1,1,2,scorpion,banana,scorpion,1,NA,1,NA,3024,3719
6318,2,1,0,1,2,scorpion,scorpion,banana,2,NA,2,NA,3747,3599
6304,1,1,0,2,1,banana,scorpion,banana,0,NA,0,NA,3929,2909
6314,1,1,1,1,2,scorpion,banana,scorpion,1,NA,1,NA,2549,5256
6268,2,1,1,1,2,scorpion,banana,scorpion,1,NA,1,NA,3834,5260
6313,1,2,1,1,2,banana,scorpion,scorpion,0,NA,0,NA,3727,2989
6305,1,1,0,1,2,scorpion,banana,scorpion,1,NA,1,NA,2732,4175
6270,1,1,0,1,2,scorpion,scorpion,banana,2,NA,2,NA,3564,5345
6271,1,1,0,2,1,banana,scorpion,banana,2,NA,2,NA,3723,2251
6266,2,2,1,2,1,banana,banana,scorpion,0,1,0,1,6070,5280
6264,2,2,0,2,1,banana,scorpion,banana,2,0,0,2,6135,7629
6262,1,2,1,1,2,banana,scorpion,scorpion,0,NA,0,NA,3866,5643
6272,2,1,0,2,1,banana,banana,scorpion,1,0,2,NA,7639,1889
6263,1,2,1,2,1,banana,banana,scorpion,0,NA,1,2,3544,9563
6267,1,2,0,1,2,scorpion,banana,scorpion,1,NA,2,0,3397,5958
6321,2,1,1,2,1,banana,banana,scorpion,1,0,0,NA,7542,3162
5707,1,2,1,1,2,scorpion,scorpion,banana,2,NA,2,NA,5360,8695
6220,2,1,0,2,1,banana,banana,scorpion,0,NA,0,NA,4614,2273
6156,1,1,1,2,1,banana,banana,scorpion,2,NA,1,NA,2247,4282
5585,2,2,0,1,2,scorpion,scorpion,banana,2,NA,2,NA,11529,18096
5982,2,1,1,2,1,banana,banana,scorpion,0,1,0,NA,9692,3463
5650,1,2,0,1,2,scorpion,scorpion,banana,2,NA,1,0,12372,10117
5522,1,1,0,2,1,banana,banana,scorpion,0,NA,0,NA,2975,2179
6300,2,1,0,1,2,scorpion,scorpion,banana,2,NA,2,NA,3654,2869
6034,2,2,1,2,1,banana,banana,scorpion,0,1,1,0,9154,5906
5842,2,2,0,1,2,scorpion,scorpion,banana,0,1,0,1,51071,8856
5411,2,2,1,2,1,scorpion,banana,banana,2,1,2,1,4173,14938
6353,2,2,0,2,1,banana,banana,scorpion,0,1,0,1,9307,14576
6121,2,1,1,1,2,scorpion,banana,scorpion,0,2,1,NA,13116,8241
5606,2,1,1,1,2,banana,scorpion,scorpion,2,1,0,NA,12304,6637
5536,2,1,1,2,1,banana,scorpion,banana,2,0,0,NA,3540,6974
6381,1,2,1,1,2,scorpion,banana,scorpion,1,NA,1,NA,7420,3830
6387,1,2,0,1,2,scorpion,banana,scorpion,1,NA,1,NA,5760,11316
6398,2,2,1,2,1,scorpion,banana,banana,1,2,2,1,8587,5680
6399,2,2,0,1,2,scorpion,banana,scorpion,1,NA,1,NA,3432,2155
6391,1,2,1,1,2,banana,scorpion,scorpion,0,NA,0,NA,3081,2596
6394,1,1,0,2,1,banana,banana,scorpion,0,NA,0,NA,4635,3615
6388,1,1,0,1,2,scorpion,scorpion,banana,2,NA,2,NA,4431,4728
6395,2,1,0,1,2,scorpion,scorpion,banana,2,NA,2,NA,6622,3288
6385,1,1,1,1,2,scorpion,scorpion,banana,2,NA,2,NA,9603,3454
6389,1,2,0,2,1,banana,banana,scorpion,0,NA,NA,NA,8439,1762
5509,1,1,1,2,1,scorpion,banana,banana,0,NA,0,NA,21542,3286
6392,2,1,0,2,1,scorpion,banana,banana,2,1,0,NA,6029,4139
5581,2,1,0,2,1,banana,scorpion,banana,2,0,0,NA,3728,3461
5892,2,2,1,1,2,scorpion,scorpion,banana,2,NA,2,NA,8564,4195
5769,2,1,1,1,2,banana,scorpion,scorpion,0,NA,0,NA,2842,8930
6403,2,2,0,2,1,banana,scorpion,banana,2,0,0,2,4805,4703
6404,1,2,1,1,2,scorpion,scorpion,banana,2,NA,2,NA,3831,4539
5975,2,2,0,1,2,scorpion,banana,scorpion,1,NA,1,NA,15505,10251
5407,2,1,1,2,1,banana,scorpion,banana,2,0,0,NA,6270,6000
6042,1,2,0,1,2,scorpion,banana,scorpion,1,NA,1,2,4869,8845
6363,2,2,1,1,2,banana,scorpion,scorpion,0,NA,0,NA,2864,2983
6046,1,1,1,2,1,banana,scorpion,banana,0,NA,0,NA,4088,6262
5589,1,2,1,2,1,banana,scorpion,banana,2,NA,2,NA,20033,31497
5714,2,1,0,2,1,scorpion,banana,banana,1,2,2,NA,28827,5912
6233,2,2,1,1,2,scorpion,scorpion,banana,2,NA,2,NA,3636,14139
6297,1,2,0,1,2,scorpion,scorpion,banana,2,NA,2,NA,20844,3255
5784,2,1,0,2,1,scorpion,banana,banana,2,1,2,NA,5534,3766
6240,1,1,1,2,1,banana,scorpion,banana,2,NA,0,NA,3865,3730
5915,1,2,0,1,2,scorpion,banana,scorpion,1,NA,1,NA,4408,8047
5408,1,2,1,1,2,scorpion,scorpion,banana,2,NA,2,NA,3264,7345
5409,2,2,0,1,2,scorpion,banana,scorpion,1,NA,1,NA,7010,3972
5609,1,1,1,2,1,scorpion,banana,banana,2,NA,1,NA,5199,14423
6255,2,1,1,1,2,scorpion,scorpion,banana,2,NA,2,NA,3759,4610
5539,2,2,1,1,2,scorpion,banana,scorpion,1,NA,1,NA,5662,2810
5989,1,1,1,2,1,banana,banana,scorpion,0,NA,1,NA,3843,3810
5668,1,1,1,1,2,banana,scorpion,scorpion,0,NA,0,NA,3672,3835
5740,2,1,1,1,2,scorpion,scorpion,banana,2,NA,2,NA,9130,5784
6114,2,2,0,2,1,scorpion,banana,banana,1,2,1,2,6740,6435
5681,2,2,1,2,1,banana,banana,scorpion,1,0,0,1,6920,11442
6064,1,1,0,2,1,scorpion,banana,banana,2,NA,2,NA,11624,3956
5886,2,2,0,1,2,scorpion,banana,scorpion,1,NA,2,0,14689,5787
5685,1,1,0,2,1,banana,scorpion,banana,0,NA,0,NA,2963,3553
5641,2,1,0,2,1,scorpion,banana,banana,1,NA,1,NA,4594,9189
5765,1,2,0,2,1,banana,scorpion,banana,0,NA,0,NA,6223,5318
6275,1,1,1,1,2,scorpion,banana,scorpion,1,NA,1,NA,4640,3891
6209,1,2,0,1,2,scorpion,banana,scorpion,1,NA,1,NA,3249,4859
5420,1,1,1,1,2,scorpion,banana,scorpion,1,NA,1,NA,3049,2587
5466,1,2,0,2,1,banana,scorpion,banana,2,NA,2,NA,42715,5614
5459,2,1,1,2,1,scorpion,banana,banana,2,1,1,NA,4396,8636
5457,2,2,1,2,1,banana,scorpion,banana,2,0,0,2,10471,9260
5462,2,1,1,1,2,scorpion,banana,scorpion,1,NA,1,NA,15650,7478
5465,1,1,1,2,1,banana,scorpion,banana,1,NA,1,NA,2258,9588
5417,2,1,0,1,2,scorpion,scorpion,banana,2,NA,2,NA,2569,2999
5412,1,2,0,2,1,scorpion,banana,banana,2,NA,2,NA,2887,4193
5414,1,1,0,1,2,scorpion,scorpion,banana,2,NA,2,NA,3207,4131
5423,2,1,0,2,1,scorpion,banana,banana,2,1,2,NA,13092,6276
5430,1,2,0,1,2,banana,scorpion,scorpion,0,NA,0,NA,2958,2130
5418,2,2,0,2,1,scorpion,banana,banana,2,1,1,2,6671,9204
5413,1,2,1,2,1,banana,scorpion,banana,0,NA,1,NA,3108,5056
5410,1,1,1,2,1,banana,scorpion,banana,2,NA,2,NA,4371,5612
5416,1,2,0,1,2,banana,scorpion,scorpion,0,NA,0,NA,4022,3231
5434,2,2,0,1,2,banana,scorpion,scorpion,0,NA,0,NA,4150,2357
5432,2,1,1,1,2,scorpion,banana,scorpion,1,NA,1,NA,5591,3932
5436,1,1,0,1,2,scorpion,banana,scorpion,1,NA,1,NA,13256,2654
5424,2,2,0,2,1,banana,banana,scorpion,1,0,NA,NA,6030,1749
5445,1,1,0,1,2,scorpion,scorpion,banana,2,NA,2,NA,7343,3628
5435,1,1,1,1,2,scorpion,banana,scorpion,1,NA,1,NA,3675,3810
5431,1,1,1,2,1,scorpion,banana,banana,2,NA,0,NA,8609,3583
5446,2,2,0,2,1,banana,scorpion,banana,0,2,0,2,4810,6694
5449,1,2,1,2,1,banana,banana,scorpion,0,NA,0,NA,7536,23695
5448,2,2,0,1,2,banana,scorpion,scorpion,0,NA,0,NA,6333,3316
5454,1,2,0,1,2,scorpion,banana,scorpion,1,NA,1,NA,8561,4244
5452,1,2,1,1,2,scorpion,banana,scorpion,1,NA,1,NA,4323,4290
5453,1,2,0,2,1,banana,scorpion,banana,1,NA,0,2,6974,5249
5702,2,2,0,1,2,scorpion,scorpion,banana,2,NA,2,NA,6359,3685
5523,2,1,0,2,1,banana,scorpion,banana,2,0,0,NA,4402,4321
5524,1,1,1,2,1,scorpion,banana,banana,2,NA,2,NA,2770,5275
5484,1,2,1,1,2,scorpion,scorpion,banana,2,NA,2,NA,2143,2879
5469,2,2,0,2,1,scorpion,banana,banana,1,2,2,1,5132,6687
5467,1,1,0,1,2,scorpion,banana,scorpion,1,NA,1,NA,4469,5732
5904,1,2,0,2,1,banana,scorpion,banana,0,NA,0,NA,22683,3071
5526,2,2,0,2,1,banana,banana,scorpion,0,1,0,1,6230,7569
5529,1,2,1,2,1,scorpion,banana,banana,2,NA,1,0,1928,8877
5473,2,1,1,2,1,banana,scorpion,banana,0,2,0,NA,13710,3252
5476,1,1,1,2,1,scorpion,banana,banana,0,NA,2,NA,26297,5044
5474,1,1,0,2,1,banana,scorpion,banana,0,NA,0,NA,6119,3860
5485,1,2,0,2,1,banana,scorpion,banana,0,NA,0,NA,5345,2516
5483,2,1,1,1,2,scorpion,scorpion,banana,2,NA,2,NA,2364,4613
5506,2,1,0,1,2,scorpion,banana,scorpion,1,NA,1,NA,2644,5632
5439,1,2,1,2,1,banana,scorpion,banana,1,NA,1,NA,26062,2126
5486,1,2,0,1,2,scorpion,banana,scorpion,1,NA,1,NA,4054,2974
5489,1,2,1,2,1,banana,banana,scorpion,2,NA,1,0,4290,6528
5488,1,1,1,2,1,scorpion,banana,banana,0,NA,2,NA,7023,6863
5438,1,1,0,2,1,banana,banana,scorpion,0,NA,0,NA,4846,4416
5441,2,1,1,2,1,banana,scorpion,banana,2,0,0,NA,8693,2732
5504,1,2,0,1,2,scorpion,scorpion,banana,2,NA,2,NA,2512,1841
5510,1,1,0,2,1,scorpion,banana,banana,2,NA,2,NA,2276,2670
6280,2,1,1,2,1,scorpion,banana,banana,2,1,1,NA,5318,4680
5443,2,1,0,2,1,banana,scorpion,banana,0,2,0,NA,8670,6545
5515,1,2,1,2,1,banana,scorpion,banana,1,NA,2,0,8972,6495
5442,1,1,0,2,1,banana,scorpion,banana,0,NA,0,NA,6404,2972
5513,1,2,0,2,1,banana,banana,scorpion,0,NA,0,NA,2191,6295
5514,2,1,1,1,2,banana,scorpion,scorpion,0,NA,NA,NA,2946,1822
5507,2,2,0,1,2,scorpion,scorpion,banana,2,NA,1,0,4163,6044
5511,2,2,1,2,1,scorpion,banana,banana,2,1,2,1,4517,9544
5535,1,1,1,1,2,scorpion,banana,scorpion,1,NA,1,NA,2503,5303
5590,1,1,0,1,2,scorpion,scorpion,banana,2,NA,2,NA,4448,6743
5549,2,1,0,1,2,scorpion,banana,scorpion,1,NA,1,NA,3100,4385
5595,1,1,0,2,1,banana,scorpion,banana,2,NA,2,NA,10287,9746
5534,1,2,0,1,2,scorpion,scorpion,banana,2,NA,2,NA,4388,5329
5532,1,2,1,1,2,banana,scorpion,scorpion,0,NA,0,NA,1867,15484
5586,1,1,1,2,1,scorpion,banana,banana,2,NA,0,NA,18628,5176
5593,2,1,0,1,2,scorpion,scorpion,banana,2,NA,2,NA,4541,5484
5591,2,1,1,2,1,banana,scorpion,banana,0,2,0,NA,5980,3004
5533,1,2,0,2,1,scorpion,banana,banana,2,NA,2,NA,2667,12515
5392,1,2,0,1,2,scorpion,banana,scorpion,1,NA,1,NA,4646,4421
5546,1,1,1,2,1,scorpion,banana,banana,2,NA,2,NA,2473,2402
5551,1,2,0,1,2,scorpion,scorpion,banana,2,NA,2,NA,3437,2958
5538,1,1,0,1,2,scorpion,scorpion,banana,2,NA,2,NA,4184,2170
5545,1,1,0,2,1,banana,scorpion,banana,0,NA,0,NA,2473,3255
5544,2,2,1,2,1,banana,scorpion,banana,2,0,0,2,5008,6164
5541,2,1,1,1,2,scorpion,banana,scorpion,1,NA,1,NA,4499,13223
5548,2,2,0,1,2,scorpion,scorpion,banana,2,NA,2,NA,3704,4028
5518,2,1,0,2,1,banana,banana,scorpion,0,1,0,NA,5020,6547
5542,1,2,0,2,1,banana,scorpion,banana,0,NA,0,NA,2884,2472
5540,1,2,1,2,1,banana,banana,scorpion,2,NA,1,0,8290,5707
5500,1,2,0,2,1,banana,banana,scorpion,0,NA,0,NA,3401,3434
5497,1,1,1,1,2,scorpion,banana,scorpion,1,NA,1,NA,2207,1991
5501,2,1,1,2,1,banana,banana,scorpion,0,1,0,NA,5098,3863
5553,2,1,1,1,2,banana,scorpion,scorpion,0,NA,0,NA,1953,2700
5552,1,1,0,1,2,banana,scorpion,scorpion,0,NA,0,NA,2635,3833
5503,2,1,1,1,2,scorpion,scorpion,banana,2,NA,2,NA,2485,3071
5517,1,1,0,1,2,scorpion,scorpion,banana,2,NA,2,NA,4098,2627
5444,1,1,1,2,1,scorpion,banana,banana,2,NA,2,NA,14577,2192
5519,2,1,1,2,1,banana,scorpion,banana,0,2,0,NA,5492,4476
5656,2,1,0,1,2,banana,scorpion,scorpion,1,2,2,NA,6418,8777
5652,2,2,1,1,2,banana,scorpion,scorpion,0,NA,0,NA,5372,15613
5659,2,2,0,1,2,scorpion,banana,scorpion,1,NA,1,NA,3511,5054
5651,1,1,0,2,1,scorpion,banana,banana,1,NA,1,NA,5687,5932
5655,1,1,0,1,2,scorpion,scorpion,banana,2,NA,2,NA,3489,3242
5654,2,2,1,2,1,banana,banana,scorpion,0,1,0,1,5176,13529
5661,2,1,1,2,1,banana,scorpion,banana,2,NA,2,NA,4490,5076
5612,1,2,0,1,2,scorpion,banana,scorpion,1,NA,1,NA,5850,3347
5649,1,2,1,2,1,banana,banana,scorpion,2,NA,0,1,7620,6195
5615,2,2,1,1,2,scorpion,scorpion,banana,2,NA,2,NA,3401,4578
5608,1,2,1,1,2,banana,scorpion,scorpion,0,NA,0,NA,7613,2190
5632,1,2,0,2,1,banana,banana,scorpion,2,NA,0,1,14806,5542
5610,1,2,0,2,1,banana,banana,scorpion,2,NA,2,NA,9658,4283
5605,1,1,0,2,1,scorpion,banana,banana,2,NA,2,NA,3972,2884
5607,2,1,0,2,1,banana,scorpion,banana,0,NA,0,NA,11675,3959
5600,2,2,0,1,2,scorpion,banana,scorpion,1,NA,1,NA,4440,3734
5611,1,1,0,1,2,scorpion,banana,scorpion,1,NA,1,NA,6484,5256
5614,1,1,1,1,2,banana,scorpion,scorpion,0,NA,0,NA,6802,1993
5603,2,1,1,2,1,banana,scorpion,banana,0,NA,1,NA,6625,4952
5604,2,1,0,1,2,banana,scorpion,scorpion,0,NA,0,NA,4708,3511
5616,2,1,1,2,1,scorpion,banana,banana,1,NA,2,NA,9882,4081
5631,1,2,0,1,2,banana,scorpion,scorpion,0,NA,0,NA,10150,3211
5618,1,1,0,1,2,scorpion,scorpion,banana,2,NA,2,NA,5168,2557
5630,1,2,1,1,2,scorpion,scorpion,banana,2,NA,2,NA,6078,2004
5620,1,2,1,2,1,banana,banana,scorpion,2,NA,2,NA,9103,2535
5627,2,2,0,2,1,scorpion,banana,banana,2,1,2,1,9397,2653
5580,2,1,0,1,2,scorpion,scorpion,banana,2,NA,2,NA,3102,2878
5577,1,2,0,1,2,banana,scorpion,scorpion,0,NA,0,NA,3759,4146
5634,2,2,1,1,2,banana,scorpion,scorpion,0,NA,0,NA,6345,3232
5693,2,2,0,2,1,scorpion,banana,banana,1,2,2,1,5343,10322
5679,2,2,0,2,1,banana,scorpion,banana,2,0,2,0,5130,8692
5674,2,2,1,1,2,banana,scorpion,scorpion,0,NA,0,NA,4070,4439
5664,1,2,1,2,1,banana,banana,scorpion,2,NA,2,NA,3981,4643
5665,1,1,0,2,1,scorpion,banana,banana,2,NA,2,NA,3280,3272
5666,1,2,1,1,2,banana,scorpion,scorpion,0,NA,0,NA,3206,4111
5687,2,1,0,2,1,banana,scorpion,banana,2,0,1,NA,4477,6019
5677,2,1,0,2,1,banana,scorpion,banana,0,NA,0,NA,2713,3228
5622,1,2,0,2,1,scorpion,banana,banana,0,NA,0,NA,6817,1989
5623,1,1,1,1,2,scorpion,scorpion,banana,2,NA,2,NA,10034,2918
5684,2,1,0,1,2,scorpion,scorpion,banana,2,NA,2,NA,4931,3756
5686,2,1,1,1,2,banana,scorpion,scorpion,0,NA,0,NA,3429,2340
5690,1,2,0,2,1,banana,scorpion,banana,1,NA,1,NA,4262,3390
5680,2,2,0,1,2,scorpion,banana,scorpion,1,NA,1,NA,2925,4305
5682,1,2,1,2,1,banana,scorpion,banana,0,NA,0,NA,3166,6633
5626,1,1,1,2,1,banana,banana,scorpion,0,NA,0,NA,5366,5509
5689,1,1,1,2,1,scorpion,banana,banana,2,NA,2,NA,3690,5939
5706,2,1,1,2,1,scorpion,banana,banana,1,2,1,NA,6625,3403
5508,2,2,0,2,1,banana,scorpion,banana,2,0,0,2,4076,5177
5683,2,1,1,2,1,banana,banana,scorpion,1,NA,1,NA,4755,3063
5691,1,1,0,1,2,scorpion,scorpion,banana,2,NA,2,NA,3833,3935
5642,2,2,1,2,1,banana,scorpion,banana,2,0,0,2,12276,2807
5703,1,1,0,2,1,banana,scorpion,banana,0,NA,0,NA,4327,2031
5646,1,1,0,1,2,banana,scorpion,scorpion,0,NA,0,NA,2521,5043
5640,2,2,0,2,1,scorpion,banana,banana,1,2,2,1,7773,5075
5709,2,2,1,2,1,banana,scorpion,banana,2,0,2,0,4446,5025
5647,1,1,0,2,1,scorpion,banana,banana,1,NA,1,NA,1952,3000
5639,1,2,1,2,1,banana,scorpion,banana,1,NA,2,0,4087,8115
5645,2,2,0,1,2,scorpion,scorpion,banana,2,NA,2,NA,8297,5441
5736,2,2,0,2,1,banana,scorpion,banana,2,0,0,2,7567,5346
5726,1,1,0,2,1,banana,banana,scorpion,0,NA,0,NA,3330,5599
5715,2,1,0,1,2,scorpion,scorpion,banana,2,NA,2,NA,4993,6122
5727,1,2,1,2,1,banana,scorpion,banana,1,NA,1,2,32810,5592
5722,2,2,0,1,2,scorpion,banana,scorpion,1,NA,1,NA,3504,6942
5723,1,1,1,1,2,banana,scorpion,scorpion,0,NA,0,NA,6049,3601
5732,2,1,1,2,1,banana,scorpion,banana,2,0,0,NA,5530,3396
5738,2,2,1,2,1,banana,banana,scorpion,1,0,0,1,5186,7027
5746,1,2,0,2,1,scorpion,banana,banana,1,NA,1,NA,3619,5949
5731,1,1,1,2,1,banana,banana,scorpion,2,NA,2,NA,3813,8221
5742,1,1,0,1,2,scorpion,banana,scorpion,1,NA,1,NA,3123,4631
5739,1,2,0,1,2,scorpion,banana,scorpion,1,NA,1,NA,3674,3706
5735,1,2,1,2,1,banana,scorpion,banana,1,NA,0,2,4950,8969
5728,1,2,0,2,1,banana,scorpion,banana,0,NA,0,NA,5168,1797
5734,1,2,1,1,2,scorpion,banana,scorpion,1,NA,1,NA,2626,2619
5747,1,2,1,1,2,scorpion,banana,scorpion,1,NA,1,NA,3849,4882
5743,1,1,0,2,1,banana,scorpion,banana,2,NA,2,NA,2609,5288
5741,2,2,0,1,2,scorpion,scorpion,banana,2,NA,2,NA,4675,6266
5758,2,1,1,2,1,banana,banana,scorpion,1,0,0,NA,24172,4375
5879,1,2,0,1,2,scorpion,banana,scorpion,NA,NA,2,NA,18351,8567
5745,1,2,0,1,2,banana,scorpion,scorpion,0,NA,0,NA,3237,4918
5695,2,2,1,1,2,scorpion,banana,scorpion,1,NA,1,NA,18658,2653
5694,1,1,1,1,2,banana,scorpion,scorpion,0,NA,0,NA,4306,2769
5699,1,2,1,2,1,banana,scorpion,banana,1,NA,1,NA,4809,1949
5751,2,2,0,1,2,scorpion,banana,scorpion,1,NA,1,NA,3312,5667
5750,1,2,1,2,1,banana,scorpion,banana,1,NA,2,0,3516,5923
5701,1,2,0,1,2,scorpion,banana,scorpion,1,NA,1,NA,5616,3510
5582,1,2,0,2,1,banana,scorpion,banana,2,NA,2,NA,3611,2000
5698,1,1,1,1,2,banana,scorpion,scorpion,0,NA,0,NA,3245,1723
5697,1,1,1,2,1,banana,scorpion,banana,2,NA,2,NA,12819,4949
5786,1,1,0,2,1,banana,scorpion,banana,0,NA,0,NA,4135,5798
5782,1,1,1,2,1,scorpion,banana,banana,1,NA,1,NA,17712,11935
5788,2,1,1,2,1,scorpion,banana,banana,2,1,2,NA,5283,4229
5779,1,2,0,1,2,banana,scorpion,scorpion,0,NA,0,NA,3039,4156
5785,2,1,1,1,2,banana,scorpion,scorpion,0,NA,0,NA,3858,3629
5790,2,2,1,2,1,banana,scorpion,banana,2,0,2,0,4838,5504
5907,1,1,1,2,1,banana,banana,scorpion,1,NA,1,NA,6466,3926
5456,2,2,0,1,2,banana,scorpion,scorpion,0,NA,0,NA,36595,4323
5783,1,2,1,1,2,scorpion,scorpion,banana,2,NA,2,NA,2938,3793
5792,1,1,1,1,2,banana,scorpion,scorpion,0,NA,0,NA,3152,2833
5781,1,2,0,2,1,scorpion,banana,banana,1,NA,1,NA,30839,3783
5794,1,2,0,2,1,scorpion,banana,banana,1,NA,1,NA,3535,2778
5797,2,1,0,1,2,banana,scorpion,scorpion,0,NA,0,NA,3464,3334
5798,1,2,1,2,1,scorpion,banana,banana,1,NA,0,2,2880,5886
5793,1,2,0,1,2,banana,scorpion,scorpion,0,NA,0,NA,2900,5683
5801,2,2,0,2,1,banana,scorpion,banana,2,0,0,2,4469,5392
5803,1,1,1,2,1,scorpion,banana,banana,1,NA,0,NA,3280,4173
5800,2,2,1,1,2,scorpion,banana,scorpion,1,NA,1,NA,2669,3545
5796,2,1,1,1,2,scorpion,banana,scorpion,1,NA,1,NA,2660,4040
5757,1,1,0,2,1,banana,scorpion,banana,0,NA,0,NA,3172,2376
5755,1,1,1,2,1,banana,banana,scorpion,2,NA,2,NA,3063,2972
5754,1,1,0,1,2,scorpion,scorpion,banana,2,NA,2,NA,3149,5036
5771,2,1,0,1,2,scorpion,banana,scorpion,1,NA,1,NA,2848,2608
5760,2,2,1,1,2,scorpion,banana,scorpion,1,NA,1,NA,3026,7395
5770,1,1,0,2,1,banana,scorpion,banana,2,NA,2,NA,3228,3145
5774,2,2,1,2,1,banana,scorpion,banana,2,0,0,2,8283,4548
5768,2,1,0,2,1,scorpion,banana,banana,2,NA,2,NA,3941,2288
5704,1,2,0,2,1,banana,banana,scorpion,0,NA,0,NA,3059,6195
5772,2,1,1,2,1,scorpion,banana,banana,1,2,2,NA,9037,3453
5897,1,1,1,1,2,scorpion,scorpion,banana,2,NA,2,NA,2140,4430
5916,2,1,1,1,2,scorpion,scorpion,banana,2,NA,2,NA,13733,2360
6033,2,1,1,1,2,banana,scorpion,scorpion,0,NA,0,NA,8633,6995
5909,1,1,1,1,2,scorpion,scorpion,banana,2,NA,2,NA,9617,7421
5917,2,2,0,1,2,scorpion,banana,scorpion,1,NA,1,NA,8965,4540
5584,1,2,1,1,2,scorpion,banana,scorpion,1,NA,1,NA,5019,3604
5648,1,1,1,2,1,banana,scorpion,banana,0,NA,1,NA,10092,6045
5918,1,1,0,1,2,scorpion,banana,scorpion,1,NA,1,NA,3506,9306
5911,1,2,1,2,1,banana,scorpion,banana,0,NA,1,2,6516,14800
5910,1,2,1,1,2,banana,scorpion,scorpion,0,NA,0,NA,5523,3987
5935,1,1,0,1,2,scorpion,scorpion,banana,2,NA,2,NA,3518,4145
5521,2,1,1,2,1,banana,scorpion,banana,2,0,1,NA,5246,15297
5932,2,2,0,2,1,banana,banana,scorpion,0,1,0,1,6843,5892
5928,1,2,0,2,1,banana,banana,scorpion,0,NA,0,NA,5595,5338
5921,1,1,1,2,1,banana,scorpion,banana,0,NA,0,NA,4603,6632
5925,1,2,0,1,2,scorpion,banana,scorpion,1,NA,1,NA,5656,2820
5947,1,1,0,2,1,banana,banana,scorpion,0,NA,0,NA,10951,2452
5927,1,1,0,2,1,scorpion,banana,banana,1,NA,1,NA,5247,2650
5929,2,2,1,1,2,scorpion,scorpion,banana,2,NA,2,NA,3544,4102
5923,1,2,1,2,1,banana,scorpion,banana,0,NA,0,NA,3134,5242
5920,2,1,0,1,2,banana,scorpion,scorpion,0,NA,0,NA,4171,3829
5931,1,2,1,1,2,scorpion,scorpion,banana,2,NA,2,NA,3345,4482
5940,1,2,0,2,1,scorpion,banana,banana,1,NA,1,NA,5461,5816
5944,1,2,0,1,2,banana,scorpion,scorpion,0,NA,0,NA,3346,2685
5942,1,1,0,1,2,banana,scorpion,scorpion,0,NA,0,NA,5679,3092
5946,2,2,0,2,1,scorpion,banana,banana,1,2,2,1,10785,5185
5939,2,2,1,2,1,banana,banana,scorpion,0,1,1,0,4761,6270
5938,1,1,1,2,1,banana,banana,scorpion,0,NA,0,NA,2535,1672
5936,1,2,1,1,2,scorpion,scorpion,banana,2,NA,2,NA,11350,4545
5943,2,1,1,2,1,banana,scorpion,banana,2,0,0,NA,6583,4956
6338,1,2,1,2,1,scorpion,banana,banana,1,NA,2,0,2756,4586
5848,1,2,1,2,1,banana,scorpion,banana,1,NA,1,NA,5798,8664
5804,2,1,0,2,1,banana,scorpion,banana,2,0,0,NA,4905,3883
5843,2,1,1,1,2,scorpion,banana,scorpion,2,0,1,NA,13140,3479
5841,1,1,0,1,2,scorpion,scorpion,banana,2,NA,2,NA,5010,5022
5846,2,1,0,2,1,banana,scorpion,banana,1,2,1,NA,20141,3985
6112,2,2,1,1,2,scorpion,scorpion,banana,2,NA,2,NA,4784,11881
6117,1,2,0,2,1,scorpion,banana,banana,0,NA,0,NA,6493,3520
5807,2,2,1,2,1,banana,banana,scorpion,0,1,1,0,4908,6266
5805,1,1,0,2,1,banana,banana,scorpion,1,NA,1,NA,3264,3568
6116,1,1,0,1,2,banana,scorpion,scorpion,0,NA,0,NA,4197,4893
5812,2,2,0,1,2,scorpion,banana,scorpion,1,NA,1,NA,2758,5460
6113,1,1,1,1,2,scorpion,banana,scorpion,1,NA,1,NA,3455,4362
6115,1,2,0,1,2,scorpion,banana,scorpion,1,NA,1,NA,2666,9964
5814,1,1,1,1,2,scorpion,banana,scorpion,1,NA,1,NA,2522,3876
5811,1,2,0,2,1,banana,banana,scorpion,0,NA,0,NA,3352,2606
5816,1,1,0,1,2,scorpion,banana,scorpion,1,NA,1,NA,2962,3065
5815,2,1,0,1,2,scorpion,scorpion,banana,2,NA,2,NA,3116,4544
5810,2,1,1,2,1,scorpion,banana,banana,2,NA,0,NA,3213,3623
5820,1,1,0,2,1,scorpion,banana,banana,1,NA,1,NA,2749,1887
5808,2,1,1,1,2,scorpion,banana,scorpion,1,NA,1,NA,2780,3960
5833,1,1,0,2,1,scorpion,banana,banana,1,NA,1,NA,5334,6828
5822,1,2,1,2,1,banana,scorpion,banana,0,NA,0,NA,2739,2401
5823,1,1,1,2,1,scorpion,banana,banana,2,NA,NA,NA,2442,4200
5827,2,2,1,1,2,banana,scorpion,scorpion,0,NA,0,NA,3111,2983
5826,1,1,0,1,2,banana,scorpion,scorpion,0,NA,0,NA,2492,3360
5838,1,2,1,1,2,banana,scorpion,scorpion,0,NA,NA,NA,2702,5990
5830,1,2,0,2,1,banana,scorpion,banana,0,NA,0,NA,2792,2070
5825,2,1,0,2,1,scorpion,banana,banana,2,NA,2,NA,3184,4670
5837,2,1,0,1,2,scorpion,banana,scorpion,1,NA,1,NA,2953,8358
5859,2,2,0,2,1,scorpion,banana,banana,2,1,1,2,2776,8097
5852,1,1,1,2,1,banana,scorpion,banana,1,NA,0,NA,13781,9246
5863,1,2,0,2,1,scorpion,banana,banana,0,NA,0,NA,5512,4171
5862,2,2,1,1,2,scorpion,scorpion,banana,1,0,2,NA,5963,5320
5866,1,2,0,1,2,scorpion,scorpion,banana,2,NA,2,NA,5585,3726
5856,1,1,0,1,2,banana,scorpion,scorpion,0,NA,0,NA,4450,3650
5860,1,2,1,1,2,banana,scorpion,scorpion,0,NA,0,NA,5025,6250
5875,1,1,1,1,2,scorpion,scorpion,banana,2,NA,2,NA,1567,3313
5864,1,1,0,2,1,banana,scorpion,banana,2,NA,2,NA,5067,4535
5870,1,1,1,2,1,scorpion,banana,banana,0,NA,0,NA,5316,3192
5868,1,2,1,2,1,banana,banana,scorpion,2,NA,2,0,4187,9511
5871,2,1,0,1,2,banana,scorpion,scorpion,0,NA,0,NA,5344,5610
5867,2,1,0,2,1,banana,banana,scorpion,0,NA,0,NA,7346,3315
5887,1,2,1,1,2,scorpion,banana,scorpion,1,NA,1,NA,5163,3058
6013,2,2,1,2,1,banana,banana,scorpion,1,0,0,1,6003,5218
5874,2,1,1,1,2,scorpion,scorpion,banana,0,1,2,NA,2790,6463
6012,2,2,0,2,1,banana,banana,scorpion,1,0,0,1,5255,7684
5876,1,1,0,2,1,banana,scorpion,banana,2,NA,2,NA,4431,3239
6015,1,1,0,1,2,banana,scorpion,scorpion,0,NA,0,NA,2658,3301
5884,2,2,1,2,1,banana,scorpion,banana,2,0,2,0,2718,3731
5878,2,1,0,1,2,banana,scorpion,scorpion,0,NA,0,NA,5287,7608
5872,2,1,0,2,1,banana,banana,scorpion,0,NA,0,NA,18327,3690
5881,1,1,0,1,2,scorpion,scorpion,banana,2,NA,2,NA,2048,4691
6018,2,1,0,2,1,scorpion,banana,banana,1,NA,1,NA,10449,2398
6014,2,1,1,1,2,banana,scorpion,scorpion,2,1,0,NA,5153,4128
6024,2,1,1,1,2,banana,scorpion,scorpion,2,1,0,NA,6216,3573
6029,1,2,1,1,2,scorpion,banana,scorpion,1,NA,1,NA,3718,3404
5883,1,2,0,2,1,scorpion,banana,banana,0,NA,2,1,2589,7026
5888,1,1,1,2,1,scorpion,banana,banana,1,NA,0,NA,5251,3127
6228,2,1,0,2,1,scorpion,banana,banana,2,1,2,NA,7528,12572
6238,2,1,1,1,2,scorpion,scorpion,banana,2,NA,2,NA,4374,11910
6230,2,2,0,1,2,scorpion,banana,scorpion,1,NA,1,NA,6000,4203
6235,1,2,1,1,2,banana,scorpion,scorpion,0,NA,0,NA,3943,3778
6227,1,2,1,2,1,banana,banana,scorpion,0,NA,0,1,10505,4396
6245,1,2,1,1,2,scorpion,scorpion,banana,2,NA,2,NA,4180,3246
6231,1,1,0,2,1,banana,banana,scorpion,0,NA,0,NA,4571,3549
6239,1,1,0,1,2,scorpion,banana,scorpion,1,NA,1,NA,4184,3353
6236,2,2,0,2,1,banana,banana,scorpion,1,0,1,0,8223,7965
6232,1,2,0,2,1,banana,scorpion,banana,2,NA,2,NA,5710,4042
6247,1,1,0,1,2,scorpion,banana,scorpion,1,NA,1,NA,5258,3181
6241,1,2,1,2,1,banana,banana,scorpion,0,NA,1,2,9471,6637
6243,1,1,0,2,1,banana,scorpion,banana,2,NA,2,NA,4911,2824
6249,1,1,1,1,2,scorpion,scorpion,banana,2,NA,2,NA,4138,3049
6253,2,1,1,2,1,banana,banana,scorpion,0,1,0,NA,6518,4289
6261,1,1,1,1,2,banana,scorpion,scorpion,0,NA,0,NA,4521,2675
6250,2,1,0,2,1,banana,banana,scorpion,0,1,2,NA,7540,7247
6251,2,2,0,1,2,banana,scorpion,scorpion,0,NA,0,NA,4081,3450
6242,1,2,0,1,2,banana,scorpion,scorpion,0,NA,0,NA,4093,1836
6259,1,1,1,2,1,banana,banana,scorpion,0,NA,0,NA,3760,1596
6260,2,1,1,2,1,banana,banana,scorpion,0,1,0,NA,7247,2813
6256,1,2,0,2,1,banana,banana,scorpion,0,NA,0,NA,3286,4567
6257,2,1,0,1,2,scorpion,scorpion,banana,2,NA,2,NA,6411,6532
5893,1,2,1,1,2,scorpion,scorpion,banana,2,NA,2,NA,2791,2547
5890,1,2,0,1,2,scorpion,banana,scorpion,1,NA,1,NA,15122,4584
6084,1,2,0,2,1,banana,banana,scorpion,0,NA,0,NA,2511,2449
5901,2,1,1,2,1,banana,banana,scorpion,0,1,0,NA,7443,3854
5891,1,1,0,2,1,banana,scorpion,banana,0,NA,0,NA,1853,3167
5902,2,2,0,2,1,scorpion,banana,banana,2,1,1,2,2693,5587
5972,2,1,1,1,2,scorpion,scorpion,banana,2,NA,2,NA,7104,4796
5976,2,2,1,1,2,banana,scorpion,scorpion,0,NA,0,NA,4821,3431
5980,2,1,0,2,1,scorpion,banana,banana,1,NA,1,NA,6413,3433
5974,1,2,1,2,1,scorpion,banana,banana,0,NA,0,1,7951,6832
5973,2,1,0,1,2,scorpion,banana,scorpion,1,NA,1,NA,3428,7725
5954,2,1,1,2,1,banana,scorpion,banana,0,2,2,NA,5258,2064
5840,1,1,0,2,1,banana,scorpion,banana,0,NA,0,NA,56396,2691
6354,2,1,1,2,1,banana,banana,scorpion,0,1,0,NA,4057,10064
5979,1,1,1,2,1,banana,scorpion,banana,1,NA,1,NA,17089,4188
5950,2,2,1,1,2,scorpion,banana,scorpion,1,NA,1,NA,15401,3631
5759,2,2,1,2,1,banana,scorpion,banana,2,0,0,2,5617,6458
5951,2,1,0,2,1,banana,banana,scorpion,0,1,0,NA,7155,6128
6351,2,2,1,1,2,banana,scorpion,scorpion,0,NA,NA,NA,2862,3213
5960,1,1,0,1,2,scorpion,banana,scorpion,1,NA,1,NA,4761,1373
6210,1,2,0,2,1,banana,banana,scorpion,0,NA,0,NA,23822,2153
5958,1,1,1,1,2,scorpion,scorpion,banana,2,NA,2,NA,2935,2195
5966,1,2,1,2,1,banana,scorpion,banana,0,NA,0,2,3393,3498
5962,1,2,1,1,2,banana,scorpion,scorpion,0,NA,0,NA,3335,2697
5965,1,2,0,1,2,banana,scorpion,scorpion,0,NA,0,NA,4898,1957
5963,2,2,1,1,2,scorpion,banana,scorpion,1,NA,1,NA,3009,6041
5955,1,2,0,2,1,scorpion,banana,banana,1,NA,1,NA,3093,2709
6086,1,1,0,1,2,banana,scorpion,scorpion,0,NA,0,NA,3482,8252
5959,2,1,0,1,2,scorpion,scorpion,banana,2,NA,2,NA,3314,3148
5964,1,1,0,2,1,banana,banana,scorpion,0,NA,0,NA,3037,2710
5957,2,1,0,2,1,banana,banana,scorpion,0,1,0,NA,5506,2553
5967,1,1,1,2,1,banana,banana,scorpion,0,NA,2,NA,3058,4115
5961,2,2,1,2,1,scorpion,banana,banana,2,1,2,1,4549,13383
5956,2,2,0,1,2,scorpion,banana,scorpion,1,NA,1,NA,3549,3772
6088,1,2,0,1,2,scorpion,scorpion,banana,2,NA,0,1,2830,5436
5984,1,2,0,1,2,scorpion,scorpion,banana,2,NA,1,0,5293,4844
5995,1,2,1,2,1,banana,banana,scorpion,2,NA,1,0,3129,11452
5999,2,1,1,2,1,scorpion,banana,banana,1,2,2,NA,7980,2760
5988,2,2,0,2,1,banana,scorpion,banana,0,2,0,2,6691,4903
5990,1,1,0,2,1,scorpion,banana,banana,1,NA,1,NA,4256,4329
5985,1,2,1,1,2,banana,scorpion,scorpion,0,NA,0,NA,3721,2470
6017,1,2,0,2,1,banana,scorpion,banana,1,NA,1,NA,7214,4350
5994,2,1,1,1,2,scorpion,scorpion,banana,2,NA,2,NA,3523,4119
5992,1,1,1,1,2,banana,scorpion,scorpion,0,NA,0,NA,2827,6165
6005,1,2,0,1,2,scorpion,scorpion,banana,2,NA,2,NA,2990,3587
5997,1,1,0,1,2,banana,scorpion,scorpion,0,NA,0,NA,4550,2605
5998,2,1,0,2,1,scorpion,banana,banana,1,NA,1,NA,3249,7748
6001,1,1,1,2,1,banana,banana,scorpion,2,NA,0,NA,11459,8058
6007,1,1,0,2,1,banana,banana,scorpion,0,NA,0,NA,4540,3670
6010,2,1,1,2,1,banana,scorpion,banana,0,2,0,NA,8158,4652
6030,1,1,0,2,1,banana,banana,scorpion,0,NA,0,NA,3728,2237
6003,1,2,1,2,1,banana,scorpion,banana,1,NA,2,0,5864,4800
6006,2,2,0,1,2,scorpion,scorpion,banana,2,NA,2,NA,3387,4594
6022,1,2,0,1,2,scorpion,scorpion,banana,2,NA,NA,NA,2754,10898
5880,2,1,1,2,1,banana,scorpion,banana,2,NA,0,NA,8962,8265
6009,2,2,1,1,2,scorpion,banana,scorpion,1,NA,1,NA,4803,5917
6027,1,1,1,1,2,banana,scorpion,scorpion,0,NA,0,NA,5920,3305
6023,1,1,1,2,1,scorpion,banana,banana,0,NA,2,NA,4982,2544
6002,1,1,1,1,2,scorpion,banana,scorpion,1,NA,1,NA,4210,5722
6406,2,2,1,1,2,banana,scorpion,scorpion,0,NA,0,NA,3230,1672
6021,2,2,1,1,2,scorpion,banana,scorpion,0,2,2,NA,9057,11316
5839,1,2,0,1,2,scorpion,banana,scorpion,1,NA,1,NA,2371,2754
6016,2,2,0,2,1,banana,scorpion,banana,2,0,2,0,5189,8480
6020,2,2,1,2,1,banana,scorpion,banana,2,0,0,2,5148,4101
6037,2,1,1,2,1,banana,banana,scorpion,0,1,0,NA,7188,5542
6047,2,1,0,1,2,scorpion,scorpion,banana,2,NA,2,NA,4628,5656
6036,1,2,1,1,2,banana,scorpion,scorpion,0,NA,0,NA,4744,4226
6050,2,1,1,2,1,banana,banana,scorpion,0,NA,2,NA,6049,6137
6099,1,1,1,1,2,banana,scorpion,scorpion,0,NA,0,NA,3606,2415
6103,1,2,0,1,2,scorpion,banana,scorpion,1,NA,1,NA,6628,4012
6041,2,2,0,1,2,banana,scorpion,scorpion,0,NA,0,NA,3782,6318
6045,1,1,1,1,2,banana,scorpion,scorpion,0,NA,0,NA,3805,6257
6043,2,1,0,2,1,banana,scorpion,banana,0,NA,0,NA,18280,2597
6044,1,2,1,2,1,banana,scorpion,banana,2,NA,1,0,4168,13535
6040,1,1,0,2,1,banana,banana,scorpion,1,NA,1,NA,5873,5911
6039,1,2,0,2,1,banana,banana,scorpion,0,NA,0,NA,5927,4590
6053,2,1,0,2,1,scorpion,banana,banana,2,NA,2,NA,4303,2697
5628,2,2,0,1,2,scorpion,banana,scorpion,1,NA,1,NA,6033,6686
6048,2,1,1,1,2,banana,scorpion,scorpion,0,NA,0,NA,3880,3962
6057,2,2,1,2,1,scorpion,banana,banana,1,2,2,1,7324,15371
6054,1,1,1,1,2,banana,scorpion,scorpion,0,NA,0,NA,4160,3643
6055,2,1,0,1,2,scorpion,scorpion,banana,2,NA,2,NA,2848,3592
6147,2,1,1,1,2,scorpion,scorpion,banana,0,1,0,NA,5335,9206
6155,2,1,1,2,1,scorpion,banana,banana,2,1,2,NA,4286,2906
6085,1,2,1,2,1,banana,banana,scorpion,1,NA,0,NA,3833,6530
6148,1,2,0,1,2,scorpion,scorpion,banana,2,NA,2,NA,4967,2663
6146,2,2,0,1,2,scorpion,banana,scorpion,1,NA,1,NA,11001,3915
6031,1,2,1,2,1,scorpion,banana,banana,0,NA,2,1,6280,5838
6336,2,2,0,1,2,banana,scorpion,scorpion,0,NA,2,1,3645,8245
5836,2,2,0,1,2,scorpion,scorpion,banana,2,NA,2,NA,2838,3120
6154,1,1,1,1,2,scorpion,banana,scorpion,1,NA,1,NA,2130,4117
6144,1,1,0,2,1,scorpion,banana,banana,2,NA,2,NA,3299,5497
6028,1,1,0,1,2,scorpion,scorpion,banana,2,NA,2,NA,3542,4191
6060,1,1,0,2,1,banana,banana,scorpion,0,NA,0,NA,3898,3880
6162,1,1,0,1,2,scorpion,scorpion,banana,2,NA,2,NA,4406,8168
6163,2,2,1,1,2,banana,scorpion,scorpion,1,2,0,NA,8481,4893
6107,1,2,0,2,1,scorpion,banana,banana,0,NA,0,1,7228,6123
6105,1,1,0,1,2,scorpion,banana,scorpion,1,NA,1,NA,3249,3318
6108,2,2,1,2,1,banana,banana,scorpion,0,1,0,1,3963,4870
6109,1,1,1,2,1,banana,banana,scorpion,2,NA,1,NA,8501,7673
6061,1,2,0,1,2,scorpion,scorpion,banana,2,NA,2,NA,3347,3984
6063,1,1,1,2,1,banana,banana,scorpion,0,NA,0,NA,3735,2824
6058,1,2,1,1,2,scorpion,banana,scorpion,1,NA,1,NA,4065,4309
6076,1,1,1,2,1,banana,banana,scorpion,0,NA,0,NA,3967,2746
6077,2,2,1,1,2,scorpion,scorpion,banana,2,NA,2,NA,3123,3168
6066,2,2,0,1,2,scorpion,scorpion,banana,2,NA,2,NA,3993,3917
6070,2,1,0,2,1,banana,banana,scorpion,0,NA,0,NA,7894,6847
6067,2,1,1,1,2,scorpion,scorpion,banana,2,NA,2,NA,3124,2147
6072,1,2,1,2,1,banana,banana,scorpion,0,NA,1,2,3696,8145
6065,1,1,0,1,2,scorpion,scorpion,banana,2,NA,2,NA,4533,3877
6069,2,2,1,2,1,scorpion,banana,banana,1,2,2,1,5896,2874
6074,1,1,1,1,2,scorpion,banana,scorpion,1,NA,1,NA,3488,3167
6095,2,1,0,2,1,scorpion,banana,banana,2,NA,2,NA,3986,3952
6152,1,2,1,2,1,scorpion,banana,banana,0,NA,2,1,2338,4758
6151,2,2,0,2,1,scorpion,banana,banana,1,2,1,2,6740,10716
6093,2,1,1,1,2,scorpion,scorpion,banana,2,NA,2,NA,2834,2976
6092,1,1,1,1,2,banana,scorpion,scorpion,0,NA,0,NA,3067,3777
5583,2,2,0,2,1,scorpion,banana,banana,2,1,2,1,3436,6265
6150,2,1,0,2,1,banana,scorpion,banana,0,2,0,NA,7064,4265
6087,2,1,1,2,1,banana,scorpion,banana,0,NA,NA,NA,4235,3010
6157,2,2,1,1,2,scorpion,banana,scorpion,0,2,1,NA,6064,9733
6090,2,2,0,2,1,banana,banana,scorpion,0,1,0,1,7246,4867
6173,2,1,0,1,2,banana,scorpion,scorpion,0,NA,0,NA,3957,4566
6166,1,2,0,2,1,scorpion,banana,banana,2,NA,2,NA,4915,4419
5657,1,1,1,1,2,scorpion,scorpion,banana,2,NA,2,NA,4029,5342
6175,1,2,0,1,2,scorpion,scorpion,banana,2,NA,2,NA,4266,4845
5599,2,1,0,2,1,scorpion,banana,banana,2,NA,2,NA,20092,3308
6174,1,2,1,1,2,banana,scorpion,scorpion,0,NA,0,NA,3881,4578
6168,2,2,1,2,1,banana,scorpion,banana,2,0,0,2,4221,8920
6170,1,1,1,2,1,scorpion,banana,banana,1,NA,0,NA,4395,5757
6164,1,2,1,2,1,banana,scorpion,banana,1,NA,1,2,24499,12270
6178,2,1,1,1,2,scorpion,scorpion,banana,2,NA,2,NA,2558,3497
5471,2,2,1,1,2,scorpion,scorpion,banana,2,NA,2,NA,2872,4192
6185,1,1,0,1,2,scorpion,banana,scorpion,1,NA,1,NA,3299,7842
6181,2,2,0,2,1,banana,scorpion,banana,0,2,0,2,5980,7009
5806,2,1,1,2,1,scorpion,banana,banana,2,NA,2,NA,2941,4321
6182,2,1,0,1,2,scorpion,banana,scorpion,1,NA,1,NA,3397,3657
5986,2,1,0,1,2,scorpion,banana,scorpion,1,NA,1,NA,5367,5425
6184,2,1,1,2,1,scorpion,banana,banana,2,1,1,NA,4340,9377
6177,2,2,1,1,2,banana,scorpion,scorpion,1,2,0,NA,8541,2368
6081,2,2,0,1,2,banana,scorpion,scorpion,0,NA,0,NA,3864,3321
6186,1,2,1,2,1,banana,banana,scorpion,2,NA,2,NA,7176,1882
6179,1,1,1,1,2,scorpion,scorpion,banana,2,NA,2,NA,2319,6328
6079,1,2,0,2,1,banana,banana,scorpion,0,NA,0,NA,4266,5701
6083,2,2,1,2,1,banana,banana,scorpion,0,1,0,1,5477,4628
5516,2,2,1,1,2,scorpion,banana,scorpion,1,NA,1,NA,3438,2164
6082,1,1,1,2,1,banana,scorpion,banana,2,NA,2,NA,3580,2892
6282,1,2,1,2,1,banana,scorpion,banana,2,NA,1,0,3600,5557
5903,2,1,1,1,2,banana,scorpion,scorpion,0,NA,0,NA,2359,2756
6344,1,2,1,1,2,scorpion,scorpion,banana,2,NA,2,NA,2562,3392
6091,1,1,0,2,1,banana,banana,scorpion,0,NA,0,NA,3381,3007
5404,2,2,1,1,2,scorpion,banana,scorpion,1,NA,1,NA,3196,4032
6375,1,1,1,2,1,banana,scorpion,banana,0,NA,0,NA,9099,2963
5531,2,1,1,1,2,banana,scorpion,scorpion,0,NA,0,NA,2337,2998
5468,1,2,0,1,2,scorpion,scorpion,banana,2,NA,2,NA,5999,4075
6102,2,1,0,1,2,banana,scorpion,scorpion,0,NA,0,NA,3976,3942
5663,2,1,1,1,2,banana,scorpion,scorpion,0,NA,0,NA,3068,3825
5592,1,2,0,1,2,scorpion,banana,scorpion,1,NA,1,NA,3865,6390
5850,1,1,1,1,2,scorpion,scorpion,banana,2,NA,2,NA,2963,8396
6110,2,2,0,1,2,scorpion,scorpion,banana,2,NA,2,NA,3029,3490
6118,1,1,1,2,1,banana,scorpion,banana,1,NA,1,NA,4826,5159
5996,2,2,1,1,2,scorpion,banana,scorpion,1,NA,1,NA,4226,4628
6052,2,2,0,1,2,scorpion,banana,scorpion,1,NA,1,NA,3566,5773
5671,2,1,1,1,2,scorpion,scorpion,banana,2,NA,2,NA,4400,3886
5733,1,1,1,1,2,scorpion,scorpion,banana,2,NA,2,NA,4873,3240
5933,2,2,1,2,1,scorpion,banana,banana,2,1,2,1,6634,8382
5795,1,2,1,1,2,banana,scorpion,scorpion,0,NA,0,NA,4436,2996
6183,1,2,0,1,2,banana,scorpion,scorpion,0,NA,0,NA,7077,2912
6311,2,2,0,2,1,banana,scorpion,banana,2,0,0,2,3959,8576
5482,2,1,0,1,2,scorpion,banana,scorpion,1,NA,1,NA,4593,3351
5419,1,1,0,2,1,banana,banana,scorpion,0,NA,0,NA,2863,1646
5813,2,1,0,2,1,banana,banana,scorpion,0,NA,0,NA,2883,3436
5937,2,2,0,1,2,scorpion,banana,scorpion,1,NA,1,NA,2953,2817
6204,2,1,0,1,2,scorpion,scorpion,banana,2,NA,2,NA,5668,2993
6206,1,2,0,2,1,scorpion,banana,banana,2,NA,1,NA,25975,4403
5426,2,1,0,2,1,banana,scorpion,banana,0,2,0,NA,9743,7830
6203,2,2,1,2,1,banana,banana,scorpion,0,1,1,0,8338,7816
5637,1,1,1,1,2,scorpion,banana,scorpion,1,NA,1,NA,4378,3577
5773,1,2,1,2,1,scorpion,banana,banana,0,NA,2,1,6122,10041
5896,2,1,0,1,2,scorpion,banana,scorpion,1,NA,1,NA,4462,3045
6244,2,2,1,1,2,banana,scorpion,scorpion,0,NA,0,NA,4788,3333
5855,1,2,0,2,1,scorpion,banana,banana,1,NA,1,NA,11571,6002
6106,1,2,1,2,1,banana,scorpion,banana,1,NA,1,NA,3777,4297
5596,1,1,1,1,2,scorpion,scorpion,banana,2,NA,2,NA,3813,3435
6169,1,1,0,2,1,banana,banana,scorpion,0,NA,0,NA,3945,2759
5978,1,1,0,1,2,scorpion,scorpion,banana,2,NA,2,NA,3824,2113
5845,2,2,1,2,1,banana,banana,scorpion,1,0,0,1,15791,5601
5725,1,2,1,1,2,scorpion,scorpion,banana,2,NA,2,NA,3642,11981
5851,2,1,1,2,1,scorpion,banana,banana,2,1,1,NA,9693,2560
6237,2,2,1,2,1,banana,scorpion,banana,2,0,0,2,6660,5356
6172,2,2,0,1,2,scorpion,scorpion,banana,2,NA,2,NA,5915,11030
5415,2,1,1,2,1,scorpion,banana,banana,2,1,1,NA,4668,37513
6187,1,2,0,2,1,banana,banana,scorpion,0,NA,0,NA,19743,4631
5547,2,2,0,2,1,scorpion,banana,banana,2,1,1,2,5497,10209
6285,1,1,1,2,1,banana,banana,scorpion,0,NA,0,NA,2926,2524
6059,2,2,1,1,2,scorpion,scorpion,banana,2,NA,2,NA,4876,5233
6125,1,2,1,2,1,scorpion,banana,banana,0,NA,0,1,5052,9115
5922,1,1,1,1,2,scorpion,banana,scorpion,1,NA,1,NA,4853,5848
6248,2,1,0,1,2,scorpion,scorpion,banana,2,NA,2,NA,3726,13811
5930,2,1,1,2,1,banana,scorpion,banana,2,0,0,NA,4279,4960
5809,2,2,0,2,1,banana,scorpion,banana,2,0,0,2,4821,4470
5602,1,2,1,2,1,banana,scorpion,banana,NA,NA,2,NA,24554,11197
6207,2,2,0,2,1,banana,scorpion,banana,2,0,1,NA,8444,4654
6287,1,2,1,1,2,scorpion,scorpion,banana,2,NA,2,NA,4042,5417
6279,1,2,0,1,2,scorpion,banana,scorpion,1,NA,1,NA,5836,3169
5429,2,2,1,1,2,banana,scorpion,scorpion,0,NA,0,NA,12724,3900
6286,2,2,0,1,2,scorpion,scorpion,banana,2,NA,1,0,4045,6349
5505,1,2,1,1,2,scorpion,scorpion,banana,2,NA,2,NA,3432,2625
6281,1,1,0,1,2,scorpion,banana,scorpion,1,NA,1,NA,3439,3727
5926,2,2,0,1,2,scorpion,banana,scorpion,1,NA,1,NA,3144,4121
5675,2,2,1,2,1,banana,banana,scorpion,1,0,1,0,4450,6962
5861,2,1,1,2,1,banana,banana,scorpion,0,1,0,NA,5145,3597
6307,2,1,1,1,2,scorpion,scorpion,banana,2,NA,2,NA,2776,2709
5487,1,1,1,1,2,banana,scorpion,scorpion,0,NA,0,NA,15141,6012
6371,2,1,0,1,2,scorpion,banana,scorpion,1,NA,1,NA,4046,4570
5865,2,2,0,1,2,scorpion,scorpion,banana,2,1,2,1,6983,7942
5869,1,1,1,1,2,banana,scorpion,scorpion,0,NA,0,NA,2215,2592
5688,1,2,1,1,2,scorpion,scorpion,banana,2,NA,2,NA,3711,2165
6315,2,1,1,2,1,scorpion,banana,banana,2,1,1,NA,5056,3431
6056,1,1,0,1,2,scorpion,scorpion,banana,2,NA,2,NA,2956,3630
6390,1,1,1,2,1,scorpion,banana,banana,0,NA,0,NA,13552,6768
6004,2,1,0,2,1,banana,scorpion,banana,0,NA,0,NA,5456,2382
5729,2,1,0,1,2,scorpion,banana,scorpion,1,NA,1,NA,3941,5868
5565,1,1,1,1,2,scorpion,scorpion,banana,2,NA,2,NA,2195,3587
5821,1,2,0,1,2,scorpion,banana,scorpion,1,NA,1,NA,2439,1970
5941,1,2,1,2,1,banana,banana,scorpion,0,NA,1,2,7202,8030
6319,1,2,0,2,1,scorpion,banana,banana,1,NA,0,2,8692,7432
5692,1,2,0,1,2,scorpion,banana,scorpion,1,NA,1,NA,17558,5039
5748,2,1,1,1,2,scorpion,banana,scorpion,1,NA,1,NA,5215,2471
5817,2,2,1,2,1,scorpion,banana,banana,2,1,1,2,4494,3510
5617,2,1,0,2,1,banana,scorpion,banana,0,NA,0,NA,18328,2813
6132,2,2,0,2,1,banana,banana,scorpion,0,1,0,1,6473,2992
6386,2,2,0,2,1,banana,banana,scorpion,1,0,0,1,8307,5870
6258,2,2,1,1,2,scorpion,banana,scorpion,1,NA,1,NA,4817,2675
5561,2,2,0,1,2,scorpion,scorpion,banana,2,NA,2,NA,3425,6622
5491,1,1,0,2,1,banana,scorpion,banana,0,NA,0,NA,2987,4168
6068,1,2,0,1,2,scorpion,banana,scorpion,1,NA,2,0,3887,6324
6071,2,2,0,2,1,banana,scorpion,banana,0,2,0,2,6222,5367
6330,2,1,0,1,2,banana,scorpion,scorpion,0,NA,0,NA,2632,2720
5849,1,2,1,1,2,banana,scorpion,scorpion,0,NA,0,NA,4325,3851
6310,2,1,0,2,1,scorpion,banana,banana,1,NA,1,NA,3311,3060
6308,1,2,0,1,2,scorpion,scorpion,banana,2,NA,2,NA,2719,6104
6327,2,2,1,1,2,banana,scorpion,scorpion,0,NA,0,NA,3859,4747
6324,1,1,1,2,1,banana,scorpion,banana,0,NA,2,NA,3205,7810
6309,2,2,1,2,1,banana,banana,scorpion,1,0,0,1,4841,4887
6323,2,1,0,2,1,banana,banana,scorpion,0,1,0,NA,5295,3879
6326,2,2,0,2,1,banana,scorpion,banana,2,0,0,2,3937,6079
6329,1,2,1,2,1,scorpion,banana,banana,1,NA,1,NA,2830,4391
6334,1,2,0,1,2,banana,scorpion,scorpion,0,NA,2,NA,2798,3285
6075,2,1,1,2,1,banana,banana,scorpion,0,NA,0,NA,4525,6404
6335,1,1,1,1,2,banana,scorpion,scorpion,0,NA,0,NA,5795,1837
6135,2,2,1,2,1,scorpion,banana,banana,2,1,1,2,4853,11122
6333,1,2,0,2,1,banana,scorpion,banana,0,NA,1,2,3367,6726
6337,2,2,1,2,1,banana,scorpion,banana,2,0,2,0,4717,3234
5708,2,2,0,2,1,banana,banana,scorpion,1,0,0,1,4613,6042
6331,2,1,1,1,2,banana,scorpion,scorpion,0,NA,0,NA,3152,2898
6347,1,1,0,1,2,banana,scorpion,scorpion,0,NA,0,NA,3753,5112
6345,1,1,1,2,1,banana,banana,scorpion,1,NA,2,NA,3138,5511
6350,1,1,1,1,2,scorpion,banana,scorpion,1,NA,1,NA,3124,6624
6265,2,1,0,2,1,banana,scorpion,banana,2,0,0,NA,6206,6840
6274,2,1,1,1,2,banana,scorpion,scorpion,0,NA,0,NA,3954,3156
6339,2,1,1,2,1,banana,banana,scorpion,0,1,0,NA,6886,3354
6346,1,2,0,2,1,scorpion,banana,banana,1,NA,1,NA,2439,2848
5570,1,2,1,1,2,scorpion,banana,scorpion,1,NA,1,NA,3664,7721
6349,2,2,0,2,1,scorpion,banana,banana,2,1,1,2,4275,2891
5512,1,1,1,1,2,banana,scorpion,scorpion,0,NA,0,NA,6229,2379
6343,2,1,0,2,1,banana,scorpion,banana,2,0,0,NA,4579,9552
6097,2,2,1,1,2,scorpion,scorpion,banana,2,NA,2,NA,6383,4476
5397,1,1,1,2,1,scorpion,banana,banana,2,NA,2,NA,6381,2816
6361,2,2,1,2,1,scorpion,banana,banana,1,2,1,2,3996,18635
6226,1,1,1,1,2,banana,scorpion,scorpion,0,NA,0,NA,5123,9367
5458,1,2,1,2,1,banana,scorpion,banana,1,NA,1,NA,4377,6049
6366,1,2,1,2,1,scorpion,banana,banana,0,NA,0,NA,4494,2835
6364,1,1,0,2,1,scorpion,banana,banana,0,NA,0,NA,11656,3909
6289,1,1,0,2,1,banana,scorpion,banana,0,NA,0,NA,31723,5910
6359,2,1,0,1,2,scorpion,banana,scorpion,1,NA,1,NA,2911,2936
6161,2,1,0,2,1,banana,scorpion,banana,0,NA,0,NA,32173,1857
6374,1,2,0,1,2,banana,scorpion,scorpion,0,NA,0,NA,3275,2304
5780,1,1,0,1,2,scorpion,banana,scorpion,1,NA,1,NA,3119,4476
6365,1,2,0,1,2,scorpion,banana,scorpion,1,NA,1,NA,3703,4835
6358,1,1,1,1,2,banana,scorpion,scorpion,0,NA,0,NA,3663,3511
6357,2,1,0,2,1,banana,scorpion,banana,2,0,1,NA,5415,7221
6367,1,1,1,2,1,banana,banana,scorpion,2,NA,1,NA,6624,4874
6370,2,1,0,2,1,scorpion,banana,banana,2,1,1,NA,4759,5181
6380,1,1,0,1,2,scorpion,banana,scorpion,1,NA,1,NA,10079,2827
6383,1,2,1,2,1,banana,banana,scorpion,1,NA,0,2,4460,13961
6379,1,1,1,1,2,banana,scorpion,scorpion,0,NA,0,NA,4101,2875
6369,1,2,0,2,1,banana,banana,scorpion,0,NA,0,NA,2971,4034
6373,2,2,1,1,2,banana,scorpion,scorpion,0,NA,0,NA,7396,2815
6377,2,1,1,2,1,banana,banana,scorpion,0,1,0,NA,6542,3605
6393,2,1,1,1,2,scorpion,scorpion,banana,2,NA,2,NA,6997,4004
6322,1,1,0,2,1,scorpion,banana,banana,1,NA,1,NA,2817,11680
5885,1,1,1,2,1,banana,banana,scorpion,2,NA,1,NA,10712,2769
6269,2,2,0,1,2,banana,scorpion,scorpion,0,NA,0,NA,3878,2787
5437,1,2,1,1,2,banana,scorpion,scorpion,0,NA,0,NA,3031,4591
6008,1,2,0,2,1,banana,scorpion,banana,1,NA,1,NA,5878,2038
6216,2,2,1,1,2,scorpion,scorpion,banana,1,0,1,0,18223,3011
5400,1,1,1,1,2,scorpion,scorpion,banana,2,NA,2,NA,4251,4054
5971,1,2,1,1,2,scorpion,scorpion,banana,2,NA,2,NA,4997,3817
6229,1,2,0,1,2,scorpion,banana,scorpion,1,NA,1,NA,4141,4162
6355,1,2,0,2,1,banana,scorpion,banana,1,NA,1,NA,25003,5644
6356,2,2,0,1,2,scorpion,scorpion,banana,2,NA,1,0,2735,7755
5908,2,1,1,2,1,banana,banana,scorpion,0,1,1,NA,11412,16317
5802,1,1,0,1,2,banana,scorpion,scorpion,0,NA,0,NA,3223,2997
5530,2,1,0,1,2,scorpion,banana,scorpion,1,NA,1,NA,2203,10322
6165,2,1,1,1,2,scorpion,scorpion,banana,1,0,2,NA,4676,5738
5653,1,2,1,1,2,scorpion,banana,scorpion,1,NA,1,NA,3149,10488
5737,2,1,0,2,1,banana,scorpion,banana,2,0,0,NA,10731,8704
6098,2,1,1,1,2,scorpion,banana,scorpion,1,NA,1,NA,3192,6771
6360,1,1,0,1,2,scorpion,scorpion,banana,2,NA,2,NA,2464,4340
5543,1,1,1,1,2,scorpion,scorpion,banana,2,NA,2,NA,4006,3088
6382,1,1,0,2,1,scorpion,banana,banana,1,NA,1,NA,6094,2617
5422,2,2,1,1,2,banana,scorpion,scorpion,0,NA,0,NA,3542,4642
6049,2,2,0,2,1,banana,scorpion,banana,0,2,0,2,6794,9149
6411,2,1,0,2,1,banana,scorpion,banana,2,0,1,NA,5752,4333
5858,2,2,1,2,1,scorpion,banana,banana,2,1,1,2,6462,2944
5550,1,2,1,1,2,banana,scorpion,scorpion,0,NA,0,NA,3223,2080
6413,1,1,1,1,2,scorpion,banana,scorpion,1,NA,1,NA,3792,3746
6414,1,1,1,2,1,banana,banana,scorpion,2,NA,2,NA,3176,2174
6408,1,1,0,2,1,scorpion,banana,banana,2,NA,2,NA,2990,3104
6348,1,2,0,1,2,banana,scorpion,scorpion,0,NA,0,NA,2716,2103
6407,1,2,0,2,1,banana,scorpion,banana,0,NA,0,NA,4402,5576
6410,1,2,0,1,2,scorpion,banana,scorpion,1,NA,2,0,7886,4267
6415,2,1,0,1,2,scorpion,scorpion,banana,2,NA,2,NA,13371,2412
6412,1,2,1,2,1,banana,banana,scorpion,2,NA,1,0,7241,7012
6340,2,1,0,1,2,scorpion,banana,scorpion,1,NA,1,NA,2358,3747
5479,2,2,1,1,2,banana,scorpion,scorpion,0,NA,0,NA,4297,2509
5398,1,1,0,2,1,scorpion,banana,banana,2,NA,2,NA,3017,4265
5393,1,2,1,1,2,scorpion,banana,scorpion,1,NA,1,NA,3180,8923
5406,2,1,0,2,1,banana,banana,scorpion,1,0,0,NA,4697,3229
5399,2,2,1,2,1,scorpion,banana,banana,1,2,2,1,12321,3760
5401,1,2,0,2,1,banana,banana,scorpion,0,NA,2,1,11532,7918
5405,1,1,0,1,2,banana,scorpion,scorpion,0,NA,0,NA,5566,3685
5403,1,2,1,2,1,banana,banana,scorpion,0,NA,0,1,2987,11855
5396,2,2,0,2,1,scorpion,banana,banana,2,1,1,2,6003,7253
5475,2,1,0,2,1,scorpion,banana,banana,2,1,2,NA,4443,13505
5481,1,2,1,2,1,banana,banana,scorpion,2,NA,2,NA,4372,2251
5478,2,2,0,2,1,banana,scorpion,banana,2,0,0,2,3702,5076
6180,1,1,0,2,1,banana,banana,scorpion,0,NA,0,NA,3854,1666
5993,1,2,0,2,1,banana,banana,scorpion,0,NA,0,NA,4387,5408
5480,2,2,0,1,2,scorpion,banana,scorpion,1,NA,1,NA,3244,5772
5492,2,2,1,1,2,scorpion,scorpion,banana,2,NA,2,NA,3680,3377
5678,1,2,0,2,1,banana,scorpion,banana,1,NA,1,NA,4698,2705
5558,2,2,1,1,2,scorpion,scorpion,banana,2,NA,2,NA,2468,5325
5555,2,2,0,2,1,banana,scorpion,banana,2,0,0,2,3777,4922
5427,2,1,0,1,2,banana,scorpion,scorpion,0,NA,0,NA,7943,4102
5556,1,2,1,1,2,banana,scorpion,scorpion,0,NA,0,NA,3660,3371
5493,1,2,1,1,2,banana,scorpion,scorpion,0,NA,0,NA,3295,2469
5496,2,1,0,1,2,banana,scorpion,scorpion,0,NA,0,NA,3798,3785
5425,1,2,0,2,1,banana,scorpion,banana,2,NA,2,NA,11916,6028
5559,1,2,0,2,1,scorpion,banana,banana,2,NA,2,NA,3354,2882
5560,1,1,0,2,1,banana,banana,scorpion,0,NA,0,NA,2220,3381
5562,1,2,0,1,2,scorpion,banana,scorpion,1,NA,1,NA,3487,3701
5494,2,2,1,2,1,banana,banana,scorpion,0,1,1,0,24436,7415
5490,1,2,0,1,2,scorpion,banana,scorpion,1,NA,0,2,4296,5414
5502,2,2,0,2,1,scorpion,banana,banana,1,2,1,2,5947,5434
6011,1,2,1,1,2,banana,scorpion,scorpion,0,NA,0,NA,3056,2958
6140,2,2,1,1,2,scorpion,banana,scorpion,0,2,1,NA,4662,7702
6325,1,1,0,1,2,scorpion,scorpion,banana,2,NA,NA,NA,2859,2175
6078,2,1,0,1,2,banana,scorpion,scorpion,0,NA,NA,NA,3339,2205
5873,2,2,1,1,2,scorpion,banana,scorpion,2,0,1,NA,9269,3751
5495,1,1,0,1,2,scorpion,banana,scorpion,1,NA,1,NA,2541,1828
5756,2,1,0,2,1,banana,banana,scorpion,1,NA,1,NA,13910,3276
6332,1,2,1,1,2,banana,scorpion,scorpion,0,NA,0,NA,5248,3512
5440,2,2,1,2,1,scorpion,banana,banana,2,1,2,1,7419,5665
5564,1,2,1,2,1,scorpion,banana,banana,0,NA,NA,NA,2711,2032
5752,2,2,1,1,2,scorpion,banana,scorpion,1,NA,1,NA,3534,9827
6397,1,2,1,2,1,banana,scorpion,banana,1,NA,2,0,9008,6735
5573,2,2,0,1,2,scorpion,scorpion,banana,2,NA,2,NA,3649,3681
5567,2,1,0,1,2,banana,scorpion,scorpion,0,NA,0,NA,1919,1962
5824,2,1,1,2,1,banana,banana,scorpion,0,NA,0,NA,2865,3424
5621,2,1,1,1,2,scorpion,banana,scorpion,1,NA,1,NA,6195,8487
5566,1,1,1,2,1,banana,scorpion,banana,2,NA,0,NA,14173,6533
6080,1,2,1,1,2,banana,scorpion,scorpion,0,NA,0,NA,3387,1700
5575,2,1,1,1,2,banana,scorpion,scorpion,0,NA,0,NA,3987,1998
5569,1,1,0,2,1,scorpion,banana,banana,2,NA,2,NA,1910,4155
5571,1,1,0,1,2,scorpion,banana,scorpion,1,NA,1,NA,2774,2276
5576,1,1,1,2,1,scorpion,banana,banana,0,NA,2,NA,6259,4029
5832,2,2,1,2,1,banana,scorpion,banana,2,0,2,0,4107,11515
5828,1,2,1,2,1,banana,scorpion,banana,0,NA,2,1,3799,5629
5696,2,1,0,1,2,scorpion,scorpion,banana,2,NA,2,NA,2737,5078
5568,1,2,1,2,1,scorpion,banana,banana,0,NA,0,NA,3314,4858
5700,2,1,0,2,1,banana,scorpion,banana,0,NA,0,NA,4948,5615
5572,1,1,1,1,2,scorpion,scorpion,banana,2,NA,2,NA,2511,4000
5587,2,2,1,2,1,banana,scorpion,banana,2,0,0,2,8866,8284
5895,1,1,0,1,2,scorpion,scorpion,banana,2,NA,2,NA,2853,6094
5905,2,1,0,1,2,banana,scorpion,scorpion,0,NA,0,NA,7637,3764
5718,1,2,0,1,2,banana,scorpion,scorpion,0,NA,0,NA,4912,7950
5719,1,1,1,2,1,banana,scorpion,banana,0,NA,0,NA,16365,3295
5981,1,1,0,2,1,banana,scorpion,banana,0,NA,0,NA,4865,7440
5670,2,1,1,2,1,banana,scorpion,banana,2,NA,2,NA,3090,4058
5673,1,2,0,1,2,scorpion,banana,scorpion,1,NA,1,NA,3852,6741
5667,1,1,0,1,2,banana,scorpion,scorpion,0,NA,0,NA,3108,1915
5669,2,2,0,1,2,scorpion,banana,scorpion,1,NA,1,NA,5229,3269
5948,1,1,1,1,2,scorpion,scorpion,banana,2,NA,2,NA,12809,3550
5877,2,2,0,2,1,banana,banana,scorpion,0,1,1,0,16991,7025
5672,1,1,1,2,1,banana,scorpion,banana,2,NA,2,NA,3937,3036
5899,2,2,0,1,2,scorpion,scorpion,banana,2,NA,2,NA,4811,2096
6400,1,1,0,1,2,banana,scorpion,scorpion,0,NA,0,NA,4780,3974
5831,1,1,1,1,2,scorpion,scorpion,banana,2,NA,2,NA,2208,3185
5764,1,1,0,1,2,scorpion,banana,scorpion,1,NA,1,NA,3390,3101
5711,1,1,0,1,2,scorpion,banana,scorpion,1,NA,1,NA,12015,3810
5579,2,2,1,2,1,banana,banana,scorpion,0,1,0,1,5492,2542
5766,1,1,1,2,1,banana,banana,scorpion,1,NA,0,NA,28860,5771
5775,2,2,0,1,2,banana,scorpion,scorpion,0,NA,0,NA,2942,3004
5762,2,2,0,2,1,scorpion,banana,banana,1,2,1,2,5831,5488
5635,1,1,1,2,1,banana,banana,scorpion,0,NA,0,NA,3299,4863
5636,2,1,1,2,1,scorpion,banana,banana,1,NA,2,NA,3450,9370
5638,1,2,1,1,2,scorpion,scorpion,banana,2,NA,2,NA,6282,3200
5763,1,2,0,1,2,scorpion,banana,scorpion,1,NA,1,NA,6709,11708
5898,2,1,0,2,1,banana,scorpion,banana,2,NA,2,NA,2756,6473
5834,1,1,1,2,1,banana,banana,scorpion,0,NA,0,NA,3535,3445
5767,1,2,1,1,2,scorpion,banana,scorpion,1,NA,1,NA,3001,6215
6111,1,2,1,1,2,banana,scorpion,scorpion,0,NA,0,NA,3235,3274
5969,1,2,0,1,2,banana,scorpion,scorpion,0,NA,0,NA,5158,4061
5470,1,1,1,1,2,scorpion,banana,scorpion,1,NA,1,NA,3401,7438
6225,1,1,1,2,1,banana,banana,scorpion,0,NA,0,NA,16103,7832
5520,2,2,1,2,1,banana,banana,scorpion,0,1,0,1,5206,7810
6288,1,2,1,2,1,banana,scorpion,banana,1,NA,0,2,14258,8413
5597,2,1,1,1,2,scorpion,scorpion,banana,2,NA,2,NA,5928,8873
5721,2,1,1,2,1,banana,banana,scorpion,1,0,0,NA,5650,11517
6035,2,2,0,2,1,banana,scorpion,banana,2,0,0,2,6760,10061
5598,2,2,1,1,2,scorpion,banana,scorpion,1,NA,1,NA,6167,11526
6293,2,2,0,1,2,banana,scorpion,scorpion,0,NA,0,NA,82983,11477
5724,1,1,0,1,2,scorpion,banana,scorpion,1,NA,1,NA,4685,15373
5463,2,1,0,2,1,scorpion,banana,banana,2,1,2,NA,5471,15886
5854,2,1,0,1,2,scorpion,banana,scorpion,2,0,0,NA,5902,13838
5464,1,2,1,1,2,scorpion,scorpion,banana,2,NA,2,NA,3977,2996
5912,2,2,0,2,1,banana,scorpion,banana,0,2,2,0,8089,7905
5789,1,2,1,2,1,banana,banana,scorpion,0,NA,0,NA,5772,9861
5658,2,1,0,2,1,banana,banana,scorpion,0,1,0,NA,8437,10114
5660,1,2,0,2,1,scorpion,banana,banana,0,NA,0,NA,4341,3910
6362,1,2,1,1,2,banana,scorpion,scorpion,0,NA,0,NA,2830,4052
5395,2,2,0,1,2,scorpion,scorpion,banana,2,NA,2,NA,2601,9960
6171,2,2,0,2,1,banana,banana,scorpion,0,1,0,1,9465,5495
5777,1,1,1,1,2,banana,scorpion,scorpion,0,NA,0,NA,3373,3940
5844,1,2,0,1,2,scorpion,banana,scorpion,2,NA,2,NA,42441,14700
5906,2,2,1,1,2,scorpion,scorpion,banana,2,NA,2,NA,5620,11494
6378,2,2,0,1,2,scorpion,scorpion,banana,2,NA,2,NA,5463,3037
6073,1,2,1,1,2,scorpion,scorpion,banana,2,NA,2,NA,3253,2773
6026,2,2,0,1,2,scorpion,banana,scorpion,1,NA,1,NA,3515,3601
6401,2,1,1,1,2,banana,scorpion,scorpion,0,NA,0,NA,6448,3640
6291,1,1,0,1,2,scorpion,banana,scorpion,1,NA,1,NA,9773,5234
5588,1,2,0,2,1,scorpion,banana,banana,2,NA,2,NA,12808,7084
6100,1,1,0,2,1,banana,scorpion,banana,2,NA,2,NA,8733,6004
5528,2,2,0,1,2,banana,scorpion,scorpion,0,NA,0,NA,2364,4251
6191,1,2,1,1,2,scorpion,banana,scorpion,1,NA,1,NA,3551,3052
5499,2,2,0,1,2,banana,scorpion,scorpion,0,NA,0,NA,3997,1991
5433,2,1,1,2,1,scorpion,banana,banana,2,1,1,NA,4442,7045
6299,2,2,1,2,1,banana,banana,scorpion,0,1,0,1,5183,11180
6101,2,2,0,2,1,banana,banana,scorpion,0,1,0,1,15432,7266
5460,2,1,0,1,2,scorpion,banana,scorpion,1,NA,1,NA,5742,5418
5977,2,2,0,2,1,scorpion,banana,banana,1,2,1,2,8264,8073
6224,2,1,0,1,2,scorpion,banana,scorpion,1,NA,1,NA,27614,5476
6306,2,2,0,1,2,scorpion,banana,scorpion,1,NA,1,NA,7488,3128
5472,2,2,1,2,1,scorpion,banana,banana,1,2,2,1,4380,7108
6038,2,2,1,1,2,scorpion,scorpion,banana,2,NA,2,NA,4590,9135
6104,2,1,1,2,1,banana,banana,scorpion,0,1,0,NA,18572,8324
5914,2,2,1,2,1,banana,scorpion,banana,0,2,0,2,7118,4658
5720,2,1,1,1,2,banana,scorpion,scorpion,0,NA,0,NA,8221,5788
5676,2,1,0,1,2,scorpion,scorpion,banana,2,NA,2,NA,6030,6959
6246,2,2,1,2,1,scorpion,banana,banana,2,1,1,2,6076,5101
5477,1,1,0,1,2,scorpion,scorpion,banana,2,NA,2,NA,4400,2702
6128,1,2,0,1,2,scorpion,banana,scorpion,1,NA,1,NA,2344,3652
5629,2,1,0,1,2,scorpion,scorpion,banana,2,NA,2,NA,14261,3278
5749,2,1,0,1,2,scorpion,scorpion,banana,2,NA,2,NA,2735,6510
5913,2,1,0,2,1,banana,banana,scorpion,0,1,0,NA,9324,12492
5717,2,2,1,1,2,scorpion,banana,scorpion,1,NA,1,NA,4222,6810
5402,2,1,1,1,2,banana,scorpion,scorpion,0,NA,0,NA,3467,3869
6372,2,2,1,2,1,banana,banana,scorpion,0,1,1,0,5337,3820
6051,1,2,0,2,1,banana,scorpion,banana,0,NA,0,NA,7935,2862
5778,2,2,0,2,1,scorpion,banana,banana,2,1,2,1,5004,13576
5613,2,2,0,2,1,banana,scorpion,banana,0,2,0,2,15485,9888
5563,2,1,0,2,1,banana,scorpion,banana,2,NA,2,NA,3017,3048
6196,1,1,1,1,2,scorpion,banana,scorpion,1,NA,1,NA,3336,4612
6320,2,2,1,2,1,banana,banana,scorpion,1,0,0,1,5079,10213
5818,1,2,1,1,2,scorpion,scorpion,banana,2,NA,NA,NA,3013,4379
5847,2,2,0,2,1,banana,scorpion,banana,2,0,0,2,18281,15022
5712,2,2,0,2,1,banana,banana,scorpion,0,1,1,0,11142,4100
5421,2,1,1,1,2,banana,scorpion,scorpion,0,NA,0,NA,5791,2726
6198,2,1,1,2,1,banana,banana,scorpion,1,0,1,NA,6762,6490
5882,1,2,1,2,1,scorpion,banana,banana,0,NA,1,2,4863,2839
5970,1,2,0,2,1,banana,banana,scorpion,2,NA,2,NA,48461,4639
5662,2,2,0,2,1,scorpion,banana,banana,1,2,1,2,5104,11537
5791,2,2,0,1,2,banana,scorpion,scorpion,0,NA,0,NA,3225,7645
5537,2,1,0,2,1,banana,banana,scorpion,0,1,2,NA,5498,3946
5924,2,1,0,2,1,banana,scorpion,banana,0,2,1,NA,4504,9407
6143,2,1,1,2,1,banana,banana,scorpion,0,1,0,NA,5004,2026
5744,1,1,1,1,2,scorpion,banana,scorpion,1,NA,1,NA,4407,3141
5554,2,2,1,2,1,banana,banana,scorpion,0,1,0,1,4822,8558
5428,2,2,1,2,1,banana,banana,scorpion,0,1,2,NA,8642,5514
6167,1,1,1,1,2,scorpion,banana,scorpion,1,NA,1,NA,3546,3257
5857,2,1,1,1,2,scorpion,scorpion,banana,0,1,2,NA,8517,9052
5991,2,2,1,2,1,scorpion,banana,banana,2,1,1,2,6209,3005
5730,2,2,1,1,2,scorpion,banana,scorpion,1,NA,1,NA,3022,5138
6062,1,2,1,2,1,banana,banana,scorpion,1,NA,1,NA,4844,5923
6252,1,2,0,2,1,scorpion,banana,banana,2,NA,1,0,3927,18323
5625,1,1,0,2,1,scorpion,banana,banana,2,NA,NA,NA,3529,1690
6384,2,2,1,1,2,scorpion,scorpion,banana,2,NA,2,NA,4667,5944
5716,2,2,1,2,1,banana,scorpion,banana,2,0,0,2,5828,6483
6303,2,2,0,2,1,banana,scorpion,banana,2,0,0,2,4490,6041
5987,2,2,0,1,2,banana,scorpion,scorpion,0,NA,0,NA,5976,3561
6368,2,2,0,2,1,scorpion,banana,banana,2,1,2,1,4513,6450
6019,2,1,0,1,2,scorpion,scorpion,banana,2,NA,2,NA,4301,4015
6234,2,1,1,2,1,banana,banana,scorpion,0,1,0,NA,6889,8792
5525,1,1,0,1,2,scorpion,scorpion,banana,2,NA,2,NA,2244,4549
5594,2,2,0,2,1,banana,scorpion,banana,2,0,0,NA,6388,5799
5934,2,1,1,1,2,scorpion,banana,scorpion,1,NA,1,NA,13088,3063
5949,2,1,1,1,2,scorpion,banana,scorpion,1,NA,1,NA,4078,7593
6328,2,2,0,1,2,scorpion,scorpion,banana,2,NA,2,NA,2832,7889
6129,1,2,1,1,2,scorpion,scorpion,banana,2,NA,2,NA,3548,4676
6352,2,1,1,1,2,banana,scorpion,scorpion,0,NA,0,NA,3536,3753
5919,1,1,0,2,1,scorpion,banana,banana,1,NA,1,NA,4233,3187
5853,2,2,1,1,2,banana,scorpion,scorpion,2,1,0,NA,6700,6078
5624,2,2,1,2,1,banana,banana,scorpion,0,1,1,0,4087,4659
5945,2,1,0,1,2,scorpion,banana,scorpion,1,NA,1,NA,6191,7354
6000,2,1,0,1,2,scorpion,scorpion,banana,2,NA,2,NA,3925,3478
5983,2,2,1,2,1,banana,scorpion,banana,2,0,2,0,7111,6319
5527,2,2,1,1,2,banana,scorpion,scorpion,0,NA,0,NA,2592,3949
6188,2,2,1,2,1,banana,scorpion,banana,2,0,0,2,4486,4369
5601,2,2,1,2,1,banana,scorpion,banana,2,0,0,2,8159,7320
6176,2,1,0,2,1,banana,scorpion,banana,0,NA,0,NA,14313,3448
5787,2,1,0,1,2,banana,scorpion,scorpion,0,NA,0,NA,2699,8846
5619,2,2,1,1,2,banana,scorpion,scorpion,0,NA,0,NA,36691,3670
5799,2,2,0,1,2,scorpion,banana,scorpion,1,NA,1,NA,2894,4658
6396,2,1,1,2,1,banana,banana,scorpion,0,1,0,NA,7176,4609
6376,2,1,1,1,2,scorpion,banana,scorpion,1,NA,1,NA,4156,2548
5498,2,1,0,2,1,banana,banana,scorpion,1,0,0,NA,9778,4530
5753,2,2,0,2,1,banana,banana,scorpion,1,0,0,1,6844,5460
6205,2,1,0,2,1,banana,banana,scorpion,0,NA,0,NA,9563,6419
5819,2,2,1,1,2,banana,scorpion,scorpion,0,NA,0,NA,3410,3107
5557,2,1,1,2,1,banana,banana,scorpion,0,1,0,NA,4483,2782
6254,2,2,0,2,1,banana,banana,scorpion,1,0,0,1,7616,9092
6341,1,1,0,2,1,scorpion,banana,banana,1,NA,1,NA,2689,5689
6273,2,2,1,1,2,scorpion,banana,scorpion,1,NA,1,NA,3737,2875
5455,1,1,1,1,2,scorpion,banana,scorpion,1,NA,1,NA,11327,2207
5705,2,2,1,1,2,banana,scorpion,scorpion,0,NA,0,NA,3708,4023
5953,2,2,0,2,1,banana,scorpion,banana,0,2,2,0,8942,5267
6278,2,1,0,1,2,banana,scorpion,scorpion,0,NA,0,NA,3971,2656
6149,2,2,1,2,1,banana,scorpion,banana,0,2,2,0,4547,3794
5633,2,1,0,1,2,scorpion,banana,scorpion,1,NA,1,NA,14775,4287
6402,2,2,1,2,1,banana,banana,scorpion,0,1,0,1,6608,5158
5574,2,1,1,2,1,banana,banana,scorpion,0,1,0,NA,3788,9826
6342,2,1,1,1,2,scorpion,banana,scorpion,1,NA,1,NA,3152,5599
5835,2,2,0,2,1,scorpion,banana,banana,2,1,2,1,4726,4316
5451,2,1,1,1,2,banana,scorpion,scorpion,0,NA,0,NA,6457,3454
6213,2,1,0,1,2,banana,scorpion,scorpion,0,NA,0,NA,5193,2537
6409,2,2,0,1,2,banana,scorpion,scorpion,0,NA,0,NA,7146,3812
6145,1,1,0,1,2,banana,scorpion,scorpion,0,NA,0,NA,6956,2255
6276,1,1,0,2,1,scorpion,banana,banana,2,NA,2,NA,4223,4503
5829,2,1,1,1,2,scorpion,scorpion,banana,2,NA,2,NA,2573,3860
6025,2,1,1,2,1,banana,banana,scorpion,0,1,0,NA,4843,3099
6158,2,1,0,1,2,scorpion,scorpion,banana,2,NA,2,NA,2544,3236
5643,1,2,0,1,2,banana,scorpion,scorpion,0,NA,2,1,3992,10209
6405,2,1,1,2,1,scorpion,banana,banana,2,1,1,NA,14403,5512
5644,2,1,1,1,2,scorpion,banana,scorpion,1,NA,1,NA,4798,2194
5578,2,2,1,1,2,scorpion,banana,scorpion,1,NA,1,NA,1974,3646
6283,1,2,0,2,1,scorpion,banana,banana,2,NA,2,NA,3425,5680
5450,2,1,0,1,2,scorpion,banana,scorpion,1,NA,1,NA,4475,5061
5894,2,2,1,2,1,banana,scorpion,banana,2,0,0,2,8125,6030
5952,2,1,1,1,2,scorpion,banana,scorpion,1,NA,1,NA,11252,4601
